date,item_id,qty,txn_type,price,transaction_id,source
2024-11-04,SKU-001,9,sale,499,TXN-665713,sample_data
2024-11-05,SKU-001,5,sale,499,TXN-864352,sample_data
2024-11-07,SKU-001,8,sale,499,TXN-973765,sample_data
2024-11-08,SKU-001,8,sale,499,TXN-395757,sample_data
2024-11-10,SKU-001,6,sale,499,TXN-306732,sample_data
2024-11-11,SKU-001,1,sale,499,TXN-957524,sample_data
2024-11-14,SKU-001,6,sale,499,TXN-231810,sample_data
2024-11-16,SKU-001,3,sale,499,TXN-785560,sample_data
2024-11-18,SKU-001,7,sale,499,TXN-546643,sample_data
2024-11-21,SKU-001,10,sale,499,TXN-334328,sample_data
2024-11-23,SKU-001,8,sale,499,TXN-616298,sample_data
2024-11-24,SKU-001,8,sale,499,TXN-831100,sample_data
2024-11-25,SKU-001,3,sale,499,TXN-678585,sample_data
2024-11-26,SKU-001,3,sale,499,TXN-178803,sample_data
2024-11-28,SKU-001,5,sale,499,TXN-403827,sample_data
2024-11-29,SKU-001,7,sale,499,TXN-410402,sample_data
2024-12-01,SKU-001,1,sale,499,TXN-613115,sample_data
2024-12-02,SKU-001,3,sale,499,TXN-972043,sample_data
2024-12-04,SKU-001,7,sale,499,TXN-169289,sample_data
2024-12-06,SKU-001,7,sale,499,TXN-280285,sample_data
2024-12-09,SKU-001,6,sale,499,TXN-503130,sample_data
2024-12-10,SKU-001,3,sale,499,TXN-852006,sample_data
2024-12-11,SKU-001,8,sale,499,TXN-955668,sample_data
2024-12-13,SKU-001,5,sale,499,TXN-597574,sample_data
2024-12-15,SKU-001,6,sale,499,TXN-186514,sample_data
2024-12-17,SKU-001,7,sale,499,TXN-445795,sample_data
2024-12-18,SKU-001,2,sale,499,TXN-965253,sample_data
2024-12-20,SKU-001,8,sale,499,TXN-883099,sample_data
2024-12-21,SKU-001,9,sale,499,TXN-513574,sample_data
2024-12-22,SKU-001,10,sale,499,TXN-884870,sample_data
2024-12-23,SKU-001,1,sale,499,TXN-257334,sample_data
2024-12-25,SKU-001,3,sale,499,TXN-647798,sample_data
2024-12-28,SKU-001,6,sale,499,TXN-796514,sample_data
2024-12-29,SKU-001,7,sale,499,TXN-169186,sample_data
2024-12-30,SKU-001,4,sale,499,TXN-995607,sample_data
2024-12-31,SKU-001,7,sale,499,TXN-585961,sample_data
2025-01-01,SKU-001,5,sale,499,TXN-787204,sample_data
2025-01-03,SKU-001,1,sale,499,TXN-632224,sample_data
2025-01-07,SKU-001,1,sale,499,TXN-300565,sample_data
2025-01-09,SKU-001,4,sale,499,TXN-403668,sample_data
2025-01-11,SKU-001,8,sale,499,TXN-512132,sample_data
2025-01-12,SKU-001,5,sale,499,TXN-691897,sample_data
2025-01-15,SKU-001,8,sale,499,TXN-647219,sample_data
2025-01-16,SKU-001,1,sale,499,TXN-940118,sample_data
2025-01-17,SKU-001,1,sale,499,TXN-247796,sample_data
2025-01-18,SKU-001,9,sale,499,TXN-858197,sample_data
2025-01-20,SKU-001,10,sale,499,TXN-351264,sample_data
2025-01-21,SKU-001,9,sale,499,TXN-585165,sample_data
2025-01-22,SKU-001,9,sale,499,TXN-640751,sample_data
2025-01-28,SKU-001,9,sale,499,TXN-114277,sample_data
2025-01-29,SKU-001,7,sale,499,TXN-879117,sample_data
2025-01-30,SKU-001,7,sale,499,TXN-464492,sample_data
2024-11-01,SKU-002,1,sale,443,TXN-714335,sample_data
2024-11-04,SKU-002,4,sale,443,TXN-523783,sample_data
2024-11-06,SKU-002,8,sale,443,TXN-778981,sample_data
2024-11-07,SKU-002,8,sale,443,TXN-810989,sample_data
2024-11-08,SKU-002,5,sale,443,TXN-134073,sample_data
2024-11-13,SKU-002,7,sale,443,TXN-189746,sample_data
2024-11-14,SKU-002,2,sale,443,TXN-768628,sample_data
2024-11-16,SKU-002,10,sale,443,TXN-476948,sample_data
2024-11-18,SKU-002,4,sale,443,TXN-837488,sample_data
2024-11-19,SKU-002,6,sale,443,TXN-210011,sample_data
2024-11-20,SKU-002,3,sale,443,TXN-561289,sample_data
2024-11-21,SKU-002,9,sale,443,TXN-694976,sample_data
2024-11-22,SKU-002,3,sale,443,TXN-475409,sample_data
2024-11-25,SKU-002,5,sale,443,TXN-892837,sample_data
2024-11-26,SKU-002,5,sale,443,TXN-223195,sample_data
2024-11-27,SKU-002,6,sale,443,TXN-745018,sample_data
2024-11-29,SKU-002,5,sale,443,TXN-783575,sample_data
2024-11-30,SKU-002,10,sale,443,TXN-585490,sample_data
2024-12-01,SKU-002,4,sale,443,TXN-392343,sample_data
2024-12-02,SKU-002,7,sale,443,TXN-426036,sample_data
2024-12-03,SKU-002,8,sale,443,TXN-132654,sample_data
2024-12-06,SKU-002,9,sale,443,TXN-738173,sample_data
2024-12-07,SKU-002,10,sale,443,TXN-674034,sample_data
2024-12-09,SKU-002,4,sale,443,TXN-607198,sample_data
2024-12-10,SKU-002,9,sale,443,TXN-435092,sample_data
2024-12-11,SKU-002,3,sale,443,TXN-415074,sample_data
2024-12-12,SKU-002,8,sale,443,TXN-631565,sample_data
2024-12-15,SKU-002,9,sale,443,TXN-126726,sample_data
2024-12-16,SKU-002,1,sale,443,TXN-941608,sample_data
2024-12-18,SKU-002,8,sale,443,TXN-561849,sample_data
2024-12-20,SKU-002,3,sale,443,TXN-386669,sample_data
2024-12-21,SKU-002,1,sale,443,TXN-275821,sample_data
2024-12-22,SKU-002,7,sale,443,TXN-144291,sample_data
2024-12-26,SKU-002,3,sale,443,TXN-315933,sample_data
2024-12-27,SKU-002,2,sale,443,TXN-720974,sample_data
2024-12-28,SKU-002,6,sale,443,TXN-197018,sample_data
2024-12-30,SKU-002,6,sale,443,TXN-154035,sample_data
2025-01-01,SKU-002,7,sale,443,TXN-564490,sample_data
2025-01-02,SKU-002,4,sale,443,TXN-682286,sample_data
2025-01-03,SKU-002,4,sale,443,TXN-441936,sample_data
2025-01-05,SKU-002,9,sale,443,TXN-401124,sample_data
2025-01-07,SKU-002,4,sale,443,TXN-282735,sample_data
2025-01-08,SKU-002,10,sale,443,TXN-651872,sample_data
2025-01-10,SKU-002,5,sale,443,TXN-556534,sample_data
2025-01-12,SKU-002,6,sale,443,TXN-489803,sample_data
2025-01-13,SKU-002,10,sale,443,TXN-556466,sample_data
2025-01-14,SKU-002,4,sale,443,TXN-353392,sample_data
2025-01-17,SKU-002,8,sale,443,TXN-706250,sample_data
2025-01-20,SKU-002,7,sale,443,TXN-735553,sample_data
2025-01-21,SKU-002,4,sale,443,TXN-413312,sample_data
2025-01-22,SKU-002,10,sale,443,TXN-278585,sample_data
2025-01-23,SKU-002,7,sale,443,TXN-358422,sample_data
2025-01-24,SKU-002,2,sale,443,TXN-848822,sample_data
2025-01-25,SKU-002,3,sale,443,TXN-989166,sample_data
2025-01-27,SKU-002,9,sale,443,TXN-841051,sample_data
2025-01-28,SKU-002,6,sale,443,TXN-438766,sample_data
2024-11-02,SKU-003,7,sale,258,TXN-967852,sample_data
2024-11-04,SKU-003,5,sale,258,TXN-705747,sample_data
2024-11-05,SKU-003,5,sale,258,TXN-216734,sample_data
2024-11-06,SKU-003,4,sale,258,TXN-709732,sample_data
2024-11-09,SKU-003,10,sale,258,TXN-897866,sample_data
2024-11-12,SKU-003,6,sale,258,TXN-928287,sample_data
2024-11-14,SKU-003,4,sale,258,TXN-423041,sample_data
2024-11-15,SKU-003,5,sale,258,TXN-268431,sample_data
2024-11-16,SKU-003,3,sale,258,TXN-198213,sample_data
2024-11-17,SKU-003,9,sale,258,TXN-290790,sample_data
2024-11-18,SKU-003,6,sale,258,TXN-922796,sample_data
2024-11-20,SKU-003,5,sale,258,TXN-343737,sample_data
2024-11-22,SKU-003,2,sale,258,TXN-647607,sample_data
2024-11-23,SKU-003,7,sale,258,TXN-136731,sample_data
2024-11-26,SKU-003,5,sale,258,TXN-594604,sample_data
2024-11-27,SKU-003,7,sale,258,TXN-530910,sample_data
2024-12-04,SKU-003,10,sale,258,TXN-332824,sample_data
2024-12-05,SKU-003,4,sale,258,TXN-378391,sample_data
2024-12-06,SKU-003,1,sale,258,TXN-678893,sample_data
2024-12-08,SKU-003,7,sale,258,TXN-811698,sample_data
2024-12-09,SKU-003,10,sale,258,TXN-685845,sample_data
2024-12-10,SKU-003,7,sale,258,TXN-448820,sample_data
2024-12-11,SKU-003,2,sale,258,TXN-444531,sample_data
2024-12-13,SKU-003,4,sale,258,TXN-528508,sample_data
2024-12-15,SKU-003,5,sale,258,TXN-300213,sample_data
2024-12-16,SKU-003,5,sale,258,TXN-507838,sample_data
2024-12-17,SKU-003,10,sale,258,TXN-913266,sample_data
2024-12-18,SKU-003,5,sale,258,TXN-539421,sample_data
2024-12-20,SKU-003,1,sale,258,TXN-907257,sample_data
2024-12-21,SKU-003,8,sale,258,TXN-967336,sample_data
2024-12-24,SKU-003,10,sale,258,TXN-159421,sample_data
2024-12-25,SKU-003,7,sale,258,TXN-445844,sample_data
2024-12-26,SKU-003,4,sale,258,TXN-483604,sample_data
2024-12-27,SKU-003,6,sale,258,TXN-585448,sample_data
2024-12-28,SKU-003,1,sale,258,TXN-627983,sample_data
2024-12-29,SKU-003,9,sale,258,TXN-701384,sample_data
2024-12-30,SKU-003,3,sale,258,TXN-875934,sample_data
2024-12-31,SKU-003,4,sale,258,TXN-847537,sample_data
2025-01-02,SKU-003,1,sale,258,TXN-849643,sample_data
2025-01-04,SKU-003,6,sale,258,TXN-872646,sample_data
2025-01-05,SKU-003,9,sale,258,TXN-818911,sample_data
2025-01-06,SKU-003,4,sale,258,TXN-161411,sample_data
2025-01-08,SKU-003,6,sale,258,TXN-476264,sample_data
2025-01-09,SKU-003,10,sale,258,TXN-481393,sample_data
2025-01-12,SKU-003,5,sale,258,TXN-543239,sample_data
2025-01-15,SKU-003,8,sale,258,TXN-911531,sample_data
2025-01-17,SKU-003,1,sale,258,TXN-116828,sample_data
2025-01-19,SKU-003,1,sale,258,TXN-790186,sample_data
2025-01-20,SKU-003,2,sale,258,TXN-400236,sample_data
2025-01-23,SKU-003,3,sale,258,TXN-465543,sample_data
2025-01-25,SKU-003,6,sale,258,TXN-735811,sample_data
2025-01-28,SKU-003,1,sale,258,TXN-906640,sample_data
2025-01-30,SKU-003,6,sale,258,TXN-612832,sample_data
2024-11-01,SKU-004,10,sale,362,TXN-742776,sample_data
2024-11-02,SKU-004,6,sale,362,TXN-731359,sample_data
2024-11-03,SKU-004,7,sale,362,TXN-676110,sample_data
2024-11-04,SKU-004,3,sale,362,TXN-365115,sample_data
2024-11-05,SKU-004,8,sale,362,TXN-979355,sample_data
2024-11-06,SKU-004,3,sale,362,TXN-106589,sample_data
2024-11-07,SKU-004,6,sale,362,TXN-892121,sample_data
2024-11-09,SKU-004,7,sale,362,TXN-903187,sample_data
2024-11-10,SKU-004,9,sale,362,TXN-651066,sample_data
2024-11-13,SKU-004,3,sale,362,TXN-395569,sample_data
2024-11-14,SKU-004,10,sale,362,TXN-206086,sample_data
2024-11-17,SKU-004,5,sale,362,TXN-183888,sample_data
2024-11-18,SKU-004,8,sale,362,TXN-318001,sample_data
2024-11-21,SKU-004,6,sale,362,TXN-963282,sample_data
2024-11-22,SKU-004,6,sale,362,TXN-742356,sample_data
2024-11-25,SKU-004,5,sale,362,TXN-198414,sample_data
2024-11-27,SKU-004,4,sale,362,TXN-550928,sample_data
2024-11-29,SKU-004,2,sale,362,TXN-361184,sample_data
2024-12-01,SKU-004,1,sale,362,TXN-573281,sample_data
2024-12-02,SKU-004,6,sale,362,TXN-136241,sample_data
2024-12-06,SKU-004,7,sale,362,TXN-136962,sample_data
2024-12-07,SKU-004,10,sale,362,TXN-978866,sample_data
2024-12-08,SKU-004,5,sale,362,TXN-669111,sample_data
2024-12-09,SKU-004,7,sale,362,TXN-118702,sample_data
2024-12-10,SKU-004,10,sale,362,TXN-712975,sample_data
2024-12-12,SKU-004,2,sale,362,TXN-622584,sample_data
2024-12-13,SKU-004,3,sale,362,TXN-866433,sample_data
2024-12-14,SKU-004,1,sale,362,TXN-553428,sample_data
2024-12-15,SKU-004,9,sale,362,TXN-641693,sample_data
2024-12-16,SKU-004,7,sale,362,TXN-834555,sample_data
2024-12-17,SKU-004,4,sale,362,TXN-323682,sample_data
2024-12-18,SKU-004,9,sale,362,TXN-707641,sample_data
2024-12-20,SKU-004,8,sale,362,TXN-458519,sample_data
2024-12-21,SKU-004,4,sale,362,TXN-696900,sample_data
2024-12-24,SKU-004,5,sale,362,TXN-147406,sample_data
2024-12-27,SKU-004,9,sale,362,TXN-656535,sample_data
2024-12-28,SKU-004,8,sale,362,TXN-853706,sample_data
2024-12-29,SKU-004,1,sale,362,TXN-788734,sample_data
2024-12-30,SKU-004,5,sale,362,TXN-322880,sample_data
2025-01-01,SKU-004,1,sale,362,TXN-117097,sample_data
2025-01-02,SKU-004,1,sale,362,TXN-314353,sample_data
2025-01-03,SKU-004,7,sale,362,TXN-115047,sample_data
2025-01-04,SKU-004,7,sale,362,TXN-715682,sample_data
2025-01-05,SKU-004,10,sale,362,TXN-653689,sample_data
2025-01-06,SKU-004,6,sale,362,TXN-437716,sample_data
2025-01-08,SKU-004,6,sale,362,TXN-509891,sample_data
2025-01-10,SKU-004,3,sale,362,TXN-296181,sample_data
2025-01-12,SKU-004,1,sale,362,TXN-837413,sample_data
2025-01-13,SKU-004,7,sale,362,TXN-890501,sample_data
2025-01-16,SKU-004,2,sale,362,TXN-482972,sample_data
2025-01-17,SKU-004,1,sale,362,TXN-579645,sample_data
2025-01-19,SKU-004,5,sale,362,TXN-864657,sample_data
2025-01-26,SKU-004,5,sale,362,TXN-374244,sample_data
2025-01-28,SKU-004,8,sale,362,TXN-234414,sample_data
2025-01-30,SKU-004,1,sale,362,TXN-418002,sample_data
2024-11-02,SKU-005,2,sale,218,TXN-728813,sample_data
2024-11-03,SKU-005,1,sale,218,TXN-127334,sample_data
2024-11-04,SKU-005,7,sale,218,TXN-801625,sample_data
2024-11-05,SKU-005,5,sale,218,TXN-898790,sample_data
2024-11-06,SKU-005,1,sale,218,TXN-368449,sample_data
2024-11-07,SKU-005,8,sale,218,TXN-498427,sample_data
2024-11-09,SKU-005,6,sale,218,TXN-984627,sample_data
2024-11-10,SKU-005,2,sale,218,TXN-233728,sample_data
2024-11-11,SKU-005,2,sale,218,TXN-691018,sample_data
2024-11-13,SKU-005,4,sale,218,TXN-903282,sample_data
2024-11-14,SKU-005,7,sale,218,TXN-235318,sample_data
2024-11-15,SKU-005,3,sale,218,TXN-179250,sample_data
2024-11-16,SKU-005,5,sale,218,TXN-861989,sample_data
2024-11-20,SKU-005,10,sale,218,TXN-639091,sample_data
2024-11-21,SKU-005,1,sale,218,TXN-154511,sample_data
2024-11-22,SKU-005,5,sale,218,TXN-179901,sample_data
2024-11-23,SKU-005,9,sale,218,TXN-804027,sample_data
2024-11-26,SKU-005,8,sale,218,TXN-625432,sample_data
2024-11-27,SKU-005,9,sale,218,TXN-248324,sample_data
2024-11-28,SKU-005,8,sale,218,TXN-135179,sample_data
2024-11-29,SKU-005,4,sale,218,TXN-202661,sample_data
2024-11-30,SKU-005,10,sale,218,TXN-178879,sample_data
2024-12-01,SKU-005,4,sale,218,TXN-152348,sample_data
2024-12-02,SKU-005,3,sale,218,TXN-251524,sample_data
2024-12-04,SKU-005,7,sale,218,TXN-674155,sample_data
2024-12-05,SKU-005,4,sale,218,TXN-742375,sample_data
2024-12-07,SKU-005,9,sale,218,TXN-351896,sample_data
2024-12-08,SKU-005,8,sale,218,TXN-885238,sample_data
2024-12-11,SKU-005,1,sale,218,TXN-999238,sample_data
2024-12-12,SKU-005,5,sale,218,TXN-605443,sample_data
2024-12-13,SKU-005,8,sale,218,TXN-593791,sample_data
2024-12-14,SKU-005,7,sale,218,TXN-187649,sample_data
2024-12-15,SKU-005,7,sale,218,TXN-608751,sample_data
2024-12-16,SKU-005,9,sale,218,TXN-756036,sample_data
2024-12-22,SKU-005,7,sale,218,TXN-721185,sample_data
2024-12-23,SKU-005,2,sale,218,TXN-147160,sample_data
2024-12-25,SKU-005,9,sale,218,TXN-690558,sample_data
2024-12-27,SKU-005,5,sale,218,TXN-846918,sample_data
2024-12-29,SKU-005,6,sale,218,TXN-414906,sample_data
2024-12-30,SKU-005,8,sale,218,TXN-117344,sample_data
2024-12-31,SKU-005,10,sale,218,TXN-677952,sample_data
2025-01-03,SKU-005,3,sale,218,TXN-941084,sample_data
2025-01-04,SKU-005,8,sale,218,TXN-491880,sample_data
2025-01-05,SKU-005,4,sale,218,TXN-795553,sample_data
2025-01-06,SKU-005,7,sale,218,TXN-718729,sample_data
2025-01-09,SKU-005,2,sale,218,TXN-184316,sample_data
2025-01-10,SKU-005,3,sale,218,TXN-405616,sample_data
2025-01-11,SKU-005,7,sale,218,TXN-764667,sample_data
2025-01-13,SKU-005,8,sale,218,TXN-556714,sample_data
2025-01-14,SKU-005,10,sale,218,TXN-132095,sample_data
2025-01-15,SKU-005,6,sale,218,TXN-135311,sample_data
2025-01-16,SKU-005,10,sale,218,TXN-190172,sample_data
2025-01-21,SKU-005,6,sale,218,TXN-195990,sample_data
2025-01-22,SKU-005,7,sale,218,TXN-245094,sample_data
2025-01-23,SKU-005,7,sale,218,TXN-607189,sample_data
2025-01-24,SKU-005,3,sale,218,TXN-182479,sample_data
2025-01-26,SKU-005,8,sale,218,TXN-850414,sample_data
2025-01-29,SKU-005,2,sale,218,TXN-143782,sample_data
2024-11-01,SKU-006,3,sale,326,TXN-520879,sample_data
2024-11-02,SKU-006,6,sale,326,TXN-271308,sample_data
2024-11-05,SKU-006,2,sale,326,TXN-479691,sample_data
2024-11-06,SKU-006,10,sale,326,TXN-376210,sample_data
2024-11-07,SKU-006,1,sale,326,TXN-529308,sample_data
2024-11-08,SKU-006,9,sale,326,TXN-710580,sample_data
2024-11-10,SKU-006,7,sale,326,TXN-661005,sample_data
2024-11-11,SKU-006,8,sale,326,TXN-187035,sample_data
2024-11-12,SKU-006,5,sale,326,TXN-668330,sample_data
2024-11-13,SKU-006,5,sale,326,TXN-858109,sample_data
2024-11-15,SKU-006,10,sale,326,TXN-218555,sample_data
2024-11-16,SKU-006,5,sale,326,TXN-770979,sample_data
2024-11-17,SKU-006,3,sale,326,TXN-541842,sample_data
2024-11-18,SKU-006,5,sale,326,TXN-573438,sample_data
2024-11-19,SKU-006,8,sale,326,TXN-874139,sample_data
2024-11-21,SKU-006,9,sale,326,TXN-910256,sample_data
2024-11-25,SKU-006,9,sale,326,TXN-349555,sample_data
2024-11-26,SKU-006,7,sale,326,TXN-994602,sample_data
2024-11-27,SKU-006,5,sale,326,TXN-749175,sample_data
2024-11-29,SKU-006,3,sale,326,TXN-104266,sample_data
2024-11-30,SKU-006,7,sale,326,TXN-435255,sample_data
2024-12-01,SKU-006,8,sale,326,TXN-506135,sample_data
2024-12-06,SKU-006,9,sale,326,TXN-990754,sample_data
2024-12-07,SKU-006,1,sale,326,TXN-961986,sample_data
2024-12-08,SKU-006,8,sale,326,TXN-494449,sample_data
2024-12-09,SKU-006,10,sale,326,TXN-499608,sample_data
2024-12-10,SKU-006,2,sale,326,TXN-657117,sample_data
2024-12-12,SKU-006,1,sale,326,TXN-256536,sample_data
2024-12-13,SKU-006,4,sale,326,TXN-123631,sample_data
2024-12-14,SKU-006,2,sale,326,TXN-274897,sample_data
2024-12-15,SKU-006,6,sale,326,TXN-572616,sample_data
2024-12-16,SKU-006,9,sale,326,TXN-826196,sample_data
2024-12-17,SKU-006,10,sale,326,TXN-247176,sample_data
2024-12-18,SKU-006,3,sale,326,TXN-829501,sample_data
2024-12-21,SKU-006,10,sale,326,TXN-851292,sample_data
2024-12-22,SKU-006,3,sale,326,TXN-991270,sample_data
2024-12-23,SKU-006,5,sale,326,TXN-841503,sample_data
2024-12-24,SKU-006,2,sale,326,TXN-703086,sample_data
2024-12-27,SKU-006,3,sale,326,TXN-481758,sample_data
2024-12-29,SKU-006,4,sale,326,TXN-763920,sample_data
2024-12-31,SKU-006,9,sale,326,TXN-923217,sample_data
2025-01-02,SKU-006,2,sale,326,TXN-883293,sample_data
2025-01-04,SKU-006,2,sale,326,TXN-602072,sample_data
2025-01-07,SKU-006,6,sale,326,TXN-260834,sample_data
2025-01-12,SKU-006,4,sale,326,TXN-357359,sample_data
2025-01-13,SKU-006,10,sale,326,TXN-435407,sample_data
2025-01-17,SKU-006,5,sale,326,TXN-999762,sample_data
2025-01-18,SKU-006,8,sale,326,TXN-206346,sample_data
2025-01-19,SKU-006,9,sale,326,TXN-800993,sample_data
2025-01-20,SKU-006,1,sale,326,TXN-793341,sample_data
2025-01-23,SKU-006,8,sale,326,TXN-595630,sample_data
2025-01-24,SKU-006,6,sale,326,TXN-675417,sample_data
2025-01-26,SKU-006,6,sale,326,TXN-194032,sample_data
2025-01-27,SKU-006,7,sale,326,TXN-740642,sample_data
2025-01-28,SKU-006,3,sale,326,TXN-964274,sample_data
2025-01-29,SKU-006,2,sale,326,TXN-891129,sample_data
2024-11-01,SKU-007,1,sale,112,TXN-797071,sample_data
2024-11-03,SKU-007,3,sale,112,TXN-122937,sample_data
2024-11-04,SKU-007,7,sale,112,TXN-579859,sample_data
2024-11-06,SKU-007,4,sale,112,TXN-552696,sample_data
2024-11-08,SKU-007,3,sale,112,TXN-336404,sample_data
2024-11-09,SKU-007,4,sale,112,TXN-809549,sample_data
2024-11-10,SKU-007,2,sale,112,TXN-294114,sample_data
2024-11-15,SKU-007,6,sale,112,TXN-421012,sample_data
2024-11-18,SKU-007,3,sale,112,TXN-671617,sample_data
2024-11-19,SKU-007,6,sale,112,TXN-709167,sample_data
2024-11-20,SKU-007,3,sale,112,TXN-582463,sample_data
2024-11-21,SKU-007,9,sale,112,TXN-211411,sample_data
2024-11-22,SKU-007,1,sale,112,TXN-665936,sample_data
2024-11-23,SKU-007,2,sale,112,TXN-566376,sample_data
2024-11-26,SKU-007,9,sale,112,TXN-704174,sample_data
2024-11-27,SKU-007,3,sale,112,TXN-861073,sample_data
2024-11-30,SKU-007,7,sale,112,TXN-809936,sample_data
2024-12-02,SKU-007,4,sale,112,TXN-741092,sample_data
2024-12-03,SKU-007,6,sale,112,TXN-959270,sample_data
2024-12-04,SKU-007,1,sale,112,TXN-106456,sample_data
2024-12-05,SKU-007,2,sale,112,TXN-450375,sample_data
2024-12-08,SKU-007,4,sale,112,TXN-132457,sample_data
2024-12-09,SKU-007,9,sale,112,TXN-332489,sample_data
2024-12-12,SKU-007,6,sale,112,TXN-467283,sample_data
2024-12-18,SKU-007,3,sale,112,TXN-465625,sample_data
2024-12-19,SKU-007,1,sale,112,TXN-228146,sample_data
2024-12-20,SKU-007,8,sale,112,TXN-555274,sample_data
2024-12-21,SKU-007,7,sale,112,TXN-277899,sample_data
2024-12-23,SKU-007,6,sale,112,TXN-790179,sample_data
2024-12-24,SKU-007,7,sale,112,TXN-166721,sample_data
2024-12-25,SKU-007,1,sale,112,TXN-344338,sample_data
2024-12-27,SKU-007,6,sale,112,TXN-524087,sample_data
2024-12-28,SKU-007,9,sale,112,TXN-276549,sample_data
2024-12-29,SKU-007,3,sale,112,TXN-239715,sample_data
2025-01-03,SKU-007,7,sale,112,TXN-398880,sample_data
2025-01-04,SKU-007,2,sale,112,TXN-702043,sample_data
2025-01-06,SKU-007,8,sale,112,TXN-989739,sample_data
2025-01-07,SKU-007,7,sale,112,TXN-931302,sample_data
2025-01-09,SKU-007,2,sale,112,TXN-682964,sample_data
2025-01-10,SKU-007,9,sale,112,TXN-397929,sample_data
2025-01-11,SKU-007,4,sale,112,TXN-587541,sample_data
2025-01-12,SKU-007,2,sale,112,TXN-692178,sample_data
2025-01-14,SKU-007,9,sale,112,TXN-118879,sample_data
2025-01-15,SKU-007,10,sale,112,TXN-250339,sample_data
2025-01-16,SKU-007,3,sale,112,TXN-160899,sample_data
2025-01-21,SKU-007,6,sale,112,TXN-789471,sample_data
2025-01-22,SKU-007,7,sale,112,TXN-677781,sample_data
2025-01-23,SKU-007,6,sale,112,TXN-758902,sample_data
2025-01-25,SKU-007,2,sale,112,TXN-975820,sample_data
2025-01-26,SKU-007,5,sale,112,TXN-202593,sample_data
2025-01-27,SKU-007,9,sale,112,TXN-589242,sample_data
2025-01-28,SKU-007,5,sale,112,TXN-506255,sample_data
2024-11-01,SKU-008,8,sale,313,TXN-708951,sample_data
2024-11-03,SKU-008,4,sale,313,TXN-916817,sample_data
2024-11-04,SKU-008,3,sale,313,TXN-869724,sample_data
2024-11-05,SKU-008,8,sale,313,TXN-830099,sample_data
2024-11-08,SKU-008,9,sale,313,TXN-353341,sample_data
2024-11-10,SKU-008,10,sale,313,TXN-413307,sample_data
2024-11-11,SKU-008,7,sale,313,TXN-920523,sample_data
2024-11-13,SKU-008,1,sale,313,TXN-730781,sample_data
2024-11-14,SKU-008,7,sale,313,TXN-726405,sample_data
2024-11-18,SKU-008,4,sale,313,TXN-289360,sample_data
2024-11-21,SKU-008,7,sale,313,TXN-194378,sample_data
2024-11-23,SKU-008,9,sale,313,TXN-415647,sample_data
2024-11-24,SKU-008,7,sale,313,TXN-809680,sample_data
2024-11-25,SKU-008,9,sale,313,TXN-340352,sample_data
2024-11-27,SKU-008,8,sale,313,TXN-481256,sample_data
2024-11-29,SKU-008,6,sale,313,TXN-827320,sample_data
2024-11-30,SKU-008,7,sale,313,TXN-915476,sample_data
2024-12-01,SKU-008,8,sale,313,TXN-671109,sample_data
2024-12-02,SKU-008,1,sale,313,TXN-430034,sample_data
2024-12-03,SKU-008,1,sale,313,TXN-650315,sample_data
2024-12-05,SKU-008,6,sale,313,TXN-775744,sample_data
2024-12-06,SKU-008,4,sale,313,TXN-589090,sample_data
2024-12-11,SKU-008,6,sale,313,TXN-316566,sample_data
2024-12-13,SKU-008,10,sale,313,TXN-713602,sample_data
2024-12-15,SKU-008,10,sale,313,TXN-940050,sample_data
2024-12-18,SKU-008,7,sale,313,TXN-679256,sample_data
2024-12-19,SKU-008,10,sale,313,TXN-778296,sample_data
2024-12-22,SKU-008,6,sale,313,TXN-720802,sample_data
2024-12-25,SKU-008,5,sale,313,TXN-397618,sample_data
2024-12-28,SKU-008,10,sale,313,TXN-690779,sample_data
2024-12-29,SKU-008,10,sale,313,TXN-161167,sample_data
2024-12-30,SKU-008,5,sale,313,TXN-382398,sample_data
2024-12-31,SKU-008,2,sale,313,TXN-631811,sample_data
2025-01-01,SKU-008,7,sale,313,TXN-618668,sample_data
2025-01-02,SKU-008,8,sale,313,TXN-957592,sample_data
2025-01-03,SKU-008,5,sale,313,TXN-553390,sample_data
2025-01-04,SKU-008,4,sale,313,TXN-903027,sample_data
2025-01-07,SKU-008,8,sale,313,TXN-408817,sample_data
2025-01-08,SKU-008,10,sale,313,TXN-909867,sample_data
2025-01-09,SKU-008,1,sale,313,TXN-175671,sample_data
2025-01-11,SKU-008,8,sale,313,TXN-259583,sample_data
2025-01-14,SKU-008,3,sale,313,TXN-118825,sample_data
2025-01-18,SKU-008,10,sale,313,TXN-956272,sample_data
2025-01-20,SKU-008,5,sale,313,TXN-508004,sample_data
2025-01-21,SKU-008,1,sale,313,TXN-764744,sample_data
2025-01-22,SKU-008,5,sale,313,TXN-410582,sample_data
2025-01-24,SKU-008,10,sale,313,TXN-960171,sample_data
2025-01-25,SKU-008,8,sale,313,TXN-914776,sample_data
2025-01-28,SKU-008,10,sale,313,TXN-117100,sample_data
2025-01-30,SKU-008,1,sale,313,TXN-332986,sample_data
2024-11-05,SKU-009,1,sale,267,TXN-449327,sample_data
2024-11-06,SKU-009,8,sale,267,TXN-777134,sample_data
2024-11-10,SKU-009,5,sale,267,TXN-415030,sample_data
2024-11-11,SKU-009,4,sale,267,TXN-499900,sample_data
2024-11-12,SKU-009,1,sale,267,TXN-912329,sample_data
2024-11-13,SKU-009,3,sale,267,TXN-757414,sample_data
2024-11-16,SKU-009,3,sale,267,TXN-951612,sample_data
2024-11-19,SKU-009,8,sale,267,TXN-906839,sample_data
2024-11-20,SKU-009,10,sale,267,TXN-943114,sample_data
2024-11-22,SKU-009,5,sale,267,TXN-296225,sample_data
2024-11-27,SKU-009,10,sale,267,TXN-844544,sample_data
2024-11-28,SKU-009,5,sale,267,TXN-192240,sample_data
2024-11-30,SKU-009,2,sale,267,TXN-263844,sample_data
2024-12-03,SKU-009,1,sale,267,TXN-914846,sample_data
2024-12-04,SKU-009,8,sale,267,TXN-561920,sample_data
2024-12-07,SKU-009,9,sale,267,TXN-752165,sample_data
2024-12-11,SKU-009,6,sale,267,TXN-929231,sample_data
2024-12-13,SKU-009,7,sale,267,TXN-848517,sample_data
2024-12-14,SKU-009,7,sale,267,TXN-579278,sample_data
2024-12-17,SKU-009,1,sale,267,TXN-679807,sample_data
2024-12-22,SKU-009,10,sale,267,TXN-705613,sample_data
2024-12-24,SKU-009,10,sale,267,TXN-580751,sample_data
2024-12-25,SKU-009,7,sale,267,TXN-801960,sample_data
2024-12-27,SKU-009,8,sale,267,TXN-628380,sample_data
2024-12-28,SKU-009,8,sale,267,TXN-727524,sample_data
2024-12-30,SKU-009,6,sale,267,TXN-289473,sample_data
2024-12-31,SKU-009,2,sale,267,TXN-338863,sample_data
2025-01-01,SKU-009,10,sale,267,TXN-305360,sample_data
2025-01-04,SKU-009,1,sale,267,TXN-933123,sample_data
2025-01-05,SKU-009,1,sale,267,TXN-696861,sample_data
2025-01-07,SKU-009,8,sale,267,TXN-915381,sample_data
2025-01-08,SKU-009,7,sale,267,TXN-769166,sample_data
2025-01-12,SKU-009,1,sale,267,TXN-457671,sample_data
2025-01-13,SKU-009,8,sale,267,TXN-556329,sample_data
2025-01-15,SKU-009,1,sale,267,TXN-947530,sample_data
2025-01-16,SKU-009,4,sale,267,TXN-680937,sample_data
2025-01-17,SKU-009,4,sale,267,TXN-157174,sample_data
2025-01-18,SKU-009,5,sale,267,TXN-693405,sample_data
2025-01-20,SKU-009,5,sale,267,TXN-242332,sample_data
2025-01-24,SKU-009,2,sale,267,TXN-771815,sample_data
2025-01-25,SKU-009,8,sale,267,TXN-458106,sample_data
2025-01-26,SKU-009,5,sale,267,TXN-292475,sample_data
2025-01-29,SKU-009,5,sale,267,TXN-822488,sample_data
2025-01-30,SKU-009,9,sale,267,TXN-514558,sample_data
2024-11-01,SKU-010,3,sale,145,TXN-137949,sample_data
2024-11-03,SKU-010,6,sale,145,TXN-857991,sample_data
2024-11-04,SKU-010,5,sale,145,TXN-774876,sample_data
2024-11-06,SKU-010,1,sale,145,TXN-343285,sample_data
2024-11-07,SKU-010,8,sale,145,TXN-792693,sample_data
2024-11-08,SKU-010,2,sale,145,TXN-681152,sample_data
2024-11-09,SKU-010,1,sale,145,TXN-394133,sample_data
2024-11-10,SKU-010,7,sale,145,TXN-814643,sample_data
2024-11-11,SKU-010,2,sale,145,TXN-710328,sample_data
2024-11-14,SKU-010,8,sale,145,TXN-721437,sample_data
2024-11-17,SKU-010,4,sale,145,TXN-508672,sample_data
2024-11-19,SKU-010,7,sale,145,TXN-219944,sample_data
2024-11-20,SKU-010,2,sale,145,TXN-324650,sample_data
2024-11-21,SKU-010,10,sale,145,TXN-121465,sample_data
2024-11-22,SKU-010,8,sale,145,TXN-300824,sample_data
2024-11-23,SKU-010,5,sale,145,TXN-873521,sample_data
2024-11-24,SKU-010,5,sale,145,TXN-855792,sample_data
2024-11-25,SKU-010,1,sale,145,TXN-565272,sample_data
2024-11-26,SKU-010,5,sale,145,TXN-579382,sample_data
2024-11-27,SKU-010,2,sale,145,TXN-576228,sample_data
2024-11-28,SKU-010,1,sale,145,TXN-182739,sample_data
2024-11-30,SKU-010,3,sale,145,TXN-777829,sample_data
2024-12-03,SKU-010,10,sale,145,TXN-698857,sample_data
2024-12-05,SKU-010,1,sale,145,TXN-111562,sample_data
2024-12-06,SKU-010,3,sale,145,TXN-449614,sample_data
2024-12-07,SKU-010,4,sale,145,TXN-807553,sample_data
2024-12-09,SKU-010,7,sale,145,TXN-462862,sample_data
2024-12-11,SKU-010,1,sale,145,TXN-719218,sample_data
2024-12-12,SKU-010,1,sale,145,TXN-213528,sample_data
2024-12-13,SKU-010,10,sale,145,TXN-956771,sample_data
2024-12-15,SKU-010,8,sale,145,TXN-620222,sample_data
2024-12-16,SKU-010,7,sale,145,TXN-256374,sample_data
2024-12-18,SKU-010,5,sale,145,TXN-829502,sample_data
2024-12-21,SKU-010,5,sale,145,TXN-113425,sample_data
2024-12-22,SKU-010,5,sale,145,TXN-843726,sample_data
2024-12-24,SKU-010,6,sale,145,TXN-991896,sample_data
2024-12-26,SKU-010,4,sale,145,TXN-245242,sample_data
2024-12-28,SKU-010,3,sale,145,TXN-772575,sample_data
2024-12-29,SKU-010,1,sale,145,TXN-455904,sample_data
2024-12-31,SKU-010,5,sale,145,TXN-978452,sample_data
2025-01-02,SKU-010,7,sale,145,TXN-341557,sample_data
2025-01-03,SKU-010,8,sale,145,TXN-438024,sample_data
2025-01-04,SKU-010,9,sale,145,TXN-120993,sample_data
2025-01-06,SKU-010,8,sale,145,TXN-665036,sample_data
2025-01-07,SKU-010,3,sale,145,TXN-594628,sample_data
2025-01-08,SKU-010,8,sale,145,TXN-298457,sample_data
2025-01-10,SKU-010,6,sale,145,TXN-805353,sample_data
2025-01-11,SKU-010,8,sale,145,TXN-871439,sample_data
2025-01-12,SKU-010,8,sale,145,TXN-941900,sample_data
2025-01-13,SKU-010,9,sale,145,TXN-713140,sample_data
2025-01-14,SKU-010,9,sale,145,TXN-223317,sample_data
2025-01-15,SKU-010,1,sale,145,TXN-722571,sample_data
2025-01-18,SKU-010,7,sale,145,TXN-762899,sample_data
2025-01-19,SKU-010,3,sale,145,TXN-908570,sample_data
2025-01-20,SKU-010,9,sale,145,TXN-577706,sample_data
2025-01-21,SKU-010,9,sale,145,TXN-787064,sample_data
2025-01-23,SKU-010,7,sale,145,TXN-679369,sample_data
2025-01-25,SKU-010,7,sale,145,TXN-479079,sample_data
2025-01-26,SKU-010,6,sale,145,TXN-632705,sample_data
2025-01-28,SKU-010,10,sale,145,TXN-862767,sample_data
2025-01-30,SKU-010,1,sale,145,TXN-934418,sample_data
2024-11-01,SKU-011,2,sale,156,TXN-831154,sample_data
2024-11-04,SKU-011,9,sale,156,TXN-268374,sample_data
2024-11-07,SKU-011,2,sale,156,TXN-714667,sample_data
2024-11-08,SKU-011,4,sale,156,TXN-667017,sample_data
2024-11-09,SKU-011,4,sale,156,TXN-549525,sample_data
2024-11-11,SKU-011,8,sale,156,TXN-742836,sample_data
2024-11-12,SKU-011,10,sale,156,TXN-107968,sample_data
2024-11-13,SKU-011,10,sale,156,TXN-138953,sample_data
2024-11-15,SKU-011,9,sale,156,TXN-799785,sample_data
2024-11-18,SKU-011,1,sale,156,TXN-493422,sample_data
2024-11-20,SKU-011,7,sale,156,TXN-219728,sample_data
2024-11-21,SKU-011,4,sale,156,TXN-536809,sample_data
2024-11-22,SKU-011,10,sale,156,TXN-310626,sample_data
2024-11-25,SKU-011,6,sale,156,TXN-703713,sample_data
2024-11-26,SKU-011,10,sale,156,TXN-489421,sample_data
2024-11-27,SKU-011,8,sale,156,TXN-621484,sample_data
2024-11-28,SKU-011,7,sale,156,TXN-528893,sample_data
2024-11-30,SKU-011,10,sale,156,TXN-115417,sample_data
2024-12-02,SKU-011,2,sale,156,TXN-708379,sample_data
2024-12-03,SKU-011,5,sale,156,TXN-228136,sample_data
2024-12-04,SKU-011,8,sale,156,TXN-963545,sample_data
2024-12-05,SKU-011,4,sale,156,TXN-687606,sample_data
2024-12-08,SKU-011,2,sale,156,TXN-527398,sample_data
2024-12-11,SKU-011,10,sale,156,TXN-632965,sample_data
2024-12-14,SKU-011,3,sale,156,TXN-657203,sample_data
2024-12-15,SKU-011,2,sale,156,TXN-954949,sample_data
2024-12-17,SKU-011,7,sale,156,TXN-747709,sample_data
2024-12-18,SKU-011,9,sale,156,TXN-272559,sample_data
2024-12-20,SKU-011,2,sale,156,TXN-676295,sample_data
2024-12-21,SKU-011,1,sale,156,TXN-221357,sample_data
2024-12-22,SKU-011,2,sale,156,TXN-781155,sample_data
2024-12-23,SKU-011,9,sale,156,TXN-757444,sample_data
2024-12-24,SKU-011,6,sale,156,TXN-324013,sample_data
2024-12-25,SKU-011,6,sale,156,TXN-876397,sample_data
2024-12-26,SKU-011,5,sale,156,TXN-954202,sample_data
2024-12-28,SKU-011,2,sale,156,TXN-738329,sample_data
2025-01-05,SKU-011,9,sale,156,TXN-324498,sample_data
2025-01-06,SKU-011,8,sale,156,TXN-762921,sample_data
2025-01-07,SKU-011,2,sale,156,TXN-860123,sample_data
2025-01-11,SKU-011,2,sale,156,TXN-121271,sample_data
2025-01-12,SKU-011,6,sale,156,TXN-880242,sample_data
2025-01-13,SKU-011,8,sale,156,TXN-120419,sample_data
2025-01-14,SKU-011,8,sale,156,TXN-226185,sample_data
2025-01-17,SKU-011,3,sale,156,TXN-842473,sample_data
2025-01-18,SKU-011,7,sale,156,TXN-919007,sample_data
2025-01-19,SKU-011,6,sale,156,TXN-511474,sample_data
2025-01-20,SKU-011,10,sale,156,TXN-150660,sample_data
2025-01-21,SKU-011,9,sale,156,TXN-695316,sample_data
2025-01-22,SKU-011,8,sale,156,TXN-404656,sample_data
2025-01-23,SKU-011,5,sale,156,TXN-591852,sample_data
2025-01-24,SKU-011,6,sale,156,TXN-248234,sample_data
2025-01-28,SKU-011,9,sale,156,TXN-788662,sample_data
2025-01-29,SKU-011,5,sale,156,TXN-384201,sample_data
2025-01-30,SKU-011,3,sale,156,TXN-891520,sample_data
2024-11-01,SKU-012,4,sale,213,TXN-239703,sample_data
2024-11-02,SKU-012,1,sale,213,TXN-580610,sample_data
2024-11-04,SKU-012,8,sale,213,TXN-667195,sample_data
2024-11-05,SKU-012,2,sale,213,TXN-216172,sample_data
2024-11-07,SKU-012,7,sale,213,TXN-957216,sample_data
2024-11-10,SKU-012,10,sale,213,TXN-508401,sample_data
2024-11-12,SKU-012,7,sale,213,TXN-729819,sample_data
2024-11-14,SKU-012,1,sale,213,TXN-944118,sample_data
2024-11-15,SKU-012,6,sale,213,TXN-176137,sample_data
2024-11-18,SKU-012,4,sale,213,TXN-245831,sample_data
2024-11-19,SKU-012,9,sale,213,TXN-737044,sample_data
2024-11-22,SKU-012,9,sale,213,TXN-991545,sample_data
2024-11-23,SKU-012,3,sale,213,TXN-506251,sample_data
2024-11-24,SKU-012,3,sale,213,TXN-619250,sample_data
2024-11-25,SKU-012,3,sale,213,TXN-597973,sample_data
2024-11-26,SKU-012,4,sale,213,TXN-451817,sample_data
2024-11-27,SKU-012,3,sale,213,TXN-935211,sample_data
2024-11-29,SKU-012,3,sale,213,TXN-421487,sample_data
2024-12-01,SKU-012,9,sale,213,TXN-231648,sample_data
2024-12-02,SKU-012,9,sale,213,TXN-136665,sample_data
2024-12-06,SKU-012,9,sale,213,TXN-898445,sample_data
2024-12-07,SKU-012,3,sale,213,TXN-115664,sample_data
2024-12-10,SKU-012,1,sale,213,TXN-971167,sample_data
2024-12-11,SKU-012,5,sale,213,TXN-174524,sample_data
2024-12-13,SKU-012,8,sale,213,TXN-946314,sample_data
2024-12-14,SKU-012,1,sale,213,TXN-865428,sample_data
2024-12-15,SKU-012,4,sale,213,TXN-868461,sample_data
2024-12-16,SKU-012,10,sale,213,TXN-692499,sample_data
2024-12-17,SKU-012,8,sale,213,TXN-796849,sample_data
2024-12-20,SKU-012,2,sale,213,TXN-608233,sample_data
2024-12-21,SKU-012,4,sale,213,TXN-935493,sample_data
2024-12-23,SKU-012,4,sale,213,TXN-877713,sample_data
2024-12-24,SKU-012,8,sale,213,TXN-123880,sample_data
2024-12-25,SKU-012,2,sale,213,TXN-732969,sample_data
2024-12-26,SKU-012,9,sale,213,TXN-149385,sample_data
2024-12-27,SKU-012,9,sale,213,TXN-813933,sample_data
2024-12-28,SKU-012,3,sale,213,TXN-362694,sample_data
2024-12-29,SKU-012,10,sale,213,TXN-340612,sample_data
2024-12-30,SKU-012,9,sale,213,TXN-621116,sample_data
2024-12-31,SKU-012,2,sale,213,TXN-886174,sample_data
2025-01-02,SKU-012,3,sale,213,TXN-661264,sample_data
2025-01-03,SKU-012,1,sale,213,TXN-427833,sample_data
2025-01-04,SKU-012,8,sale,213,TXN-345617,sample_data
2025-01-05,SKU-012,9,sale,213,TXN-257110,sample_data
2025-01-07,SKU-012,2,sale,213,TXN-248736,sample_data
2025-01-08,SKU-012,8,sale,213,TXN-762484,sample_data
2025-01-10,SKU-012,4,sale,213,TXN-248084,sample_data
2025-01-11,SKU-012,3,sale,213,TXN-587142,sample_data
2025-01-14,SKU-012,10,sale,213,TXN-707739,sample_data
2025-01-15,SKU-012,7,sale,213,TXN-589752,sample_data
2025-01-17,SKU-012,3,sale,213,TXN-563010,sample_data
2025-01-19,SKU-012,8,sale,213,TXN-326056,sample_data
2025-01-20,SKU-012,4,sale,213,TXN-804976,sample_data
2025-01-21,SKU-012,4,sale,213,TXN-712506,sample_data
2025-01-22,SKU-012,5,sale,213,TXN-620848,sample_data
2025-01-23,SKU-012,1,sale,213,TXN-565716,sample_data
2025-01-25,SKU-012,2,sale,213,TXN-197370,sample_data
2025-01-26,SKU-012,1,sale,213,TXN-771466,sample_data
2025-01-27,SKU-012,2,sale,213,TXN-630136,sample_data
2025-01-28,SKU-012,3,sale,213,TXN-301823,sample_data
2024-11-05,SKU-013,1,sale,346,TXN-287912,sample_data
2024-11-08,SKU-013,9,sale,346,TXN-110463,sample_data
2024-11-09,SKU-013,4,sale,346,TXN-369148,sample_data
2024-11-10,SKU-013,3,sale,346,TXN-866716,sample_data
2024-11-12,SKU-013,7,sale,346,TXN-801400,sample_data
2024-11-13,SKU-013,5,sale,346,TXN-197215,sample_data
2024-11-14,SKU-013,2,sale,346,TXN-128209,sample_data
2024-11-16,SKU-013,9,sale,346,TXN-377985,sample_data
2024-11-17,SKU-013,10,sale,346,TXN-614111,sample_data
2024-11-18,SKU-013,7,sale,346,TXN-655850,sample_data
2024-11-19,SKU-013,3,sale,346,TXN-424705,sample_data
2024-11-20,SKU-013,3,sale,346,TXN-841425,sample_data
2024-11-23,SKU-013,5,sale,346,TXN-641715,sample_data
2024-11-24,SKU-013,1,sale,346,TXN-116585,sample_data
2024-11-25,SKU-013,6,sale,346,TXN-899487,sample_data
2024-11-26,SKU-013,7,sale,346,TXN-803887,sample_data
2024-11-28,SKU-013,10,sale,346,TXN-944541,sample_data
2024-11-29,SKU-013,6,sale,346,TXN-881033,sample_data
2024-11-30,SKU-013,6,sale,346,TXN-263971,sample_data
2024-12-01,SKU-013,4,sale,346,TXN-455825,sample_data
2024-12-03,SKU-013,7,sale,346,TXN-473770,sample_data
2024-12-04,SKU-013,6,sale,346,TXN-209477,sample_data
2024-12-08,SKU-013,9,sale,346,TXN-558122,sample_data
2024-12-10,SKU-013,8,sale,346,TXN-810512,sample_data
2024-12-11,SKU-013,6,sale,346,TXN-520721,sample_data
2024-12-12,SKU-013,9,sale,346,TXN-810788,sample_data
2024-12-13,SKU-013,9,sale,346,TXN-166895,sample_data
2024-12-16,SKU-013,10,sale,346,TXN-764487,sample_data
2024-12-17,SKU-013,5,sale,346,TXN-385553,sample_data
2024-12-18,SKU-013,3,sale,346,TXN-798724,sample_data
2024-12-19,SKU-013,9,sale,346,TXN-153861,sample_data
2024-12-21,SKU-013,3,sale,346,TXN-663658,sample_data
2024-12-25,SKU-013,1,sale,346,TXN-542704,sample_data
2024-12-27,SKU-013,5,sale,346,TXN-550111,sample_data
2024-12-29,SKU-013,4,sale,346,TXN-961891,sample_data
2025-01-01,SKU-013,4,sale,346,TXN-764607,sample_data
2025-01-03,SKU-013,7,sale,346,TXN-249195,sample_data
2025-01-04,SKU-013,2,sale,346,TXN-828729,sample_data
2025-01-05,SKU-013,6,sale,346,TXN-460467,sample_data
2025-01-06,SKU-013,6,sale,346,TXN-648474,sample_data
2025-01-09,SKU-013,9,sale,346,TXN-246172,sample_data
2025-01-12,SKU-013,7,sale,346,TXN-960848,sample_data
2025-01-13,SKU-013,2,sale,346,TXN-904163,sample_data
2025-01-14,SKU-013,7,sale,346,TXN-568048,sample_data
2025-01-15,SKU-013,1,sale,346,TXN-348401,sample_data
2025-01-19,SKU-013,8,sale,346,TXN-119162,sample_data
2025-01-21,SKU-013,3,sale,346,TXN-537160,sample_data
2025-01-25,SKU-013,9,sale,346,TXN-245546,sample_data
2025-01-26,SKU-013,5,sale,346,TXN-750861,sample_data
2025-01-27,SKU-013,8,sale,346,TXN-631825,sample_data
2025-01-29,SKU-013,6,sale,346,TXN-803640,sample_data
2025-01-30,SKU-013,2,sale,346,TXN-599599,sample_data
2024-11-01,SKU-014,6,sale,250,TXN-360416,sample_data
2024-11-02,SKU-014,3,sale,250,TXN-235083,sample_data
2024-11-05,SKU-014,4,sale,250,TXN-217837,sample_data
2024-11-07,SKU-014,2,sale,250,TXN-493170,sample_data
2024-11-08,SKU-014,3,sale,250,TXN-956095,sample_data
2024-11-10,SKU-014,9,sale,250,TXN-132313,sample_data
2024-11-11,SKU-014,5,sale,250,TXN-144067,sample_data
2024-11-12,SKU-014,8,sale,250,TXN-368818,sample_data
2024-11-13,SKU-014,2,sale,250,TXN-407653,sample_data
2024-11-14,SKU-014,5,sale,250,TXN-750087,sample_data
2024-11-15,SKU-014,2,sale,250,TXN-828373,sample_data
2024-11-16,SKU-014,2,sale,250,TXN-812322,sample_data
2024-11-17,SKU-014,8,sale,250,TXN-966639,sample_data
2024-11-18,SKU-014,2,sale,250,TXN-972993,sample_data
2024-11-19,SKU-014,10,sale,250,TXN-160974,sample_data
2024-11-21,SKU-014,2,sale,250,TXN-966844,sample_data
2024-11-24,SKU-014,10,sale,250,TXN-458355,sample_data
2024-11-26,SKU-014,2,sale,250,TXN-885590,sample_data
2024-11-27,SKU-014,8,sale,250,TXN-788173,sample_data
2024-12-01,SKU-014,10,sale,250,TXN-212469,sample_data
2024-12-02,SKU-014,2,sale,250,TXN-575451,sample_data
2024-12-03,SKU-014,1,sale,250,TXN-862023,sample_data
2024-12-05,SKU-014,5,sale,250,TXN-135427,sample_data
2024-12-06,SKU-014,2,sale,250,TXN-801964,sample_data
2024-12-09,SKU-014,4,sale,250,TXN-131638,sample_data
2024-12-10,SKU-014,5,sale,250,TXN-517347,sample_data
2024-12-11,SKU-014,10,sale,250,TXN-409028,sample_data
2024-12-12,SKU-014,4,sale,250,TXN-492583,sample_data
2024-12-15,SKU-014,9,sale,250,TXN-377596,sample_data
2024-12-16,SKU-014,3,sale,250,TXN-835139,sample_data
2024-12-17,SKU-014,8,sale,250,TXN-544166,sample_data
2024-12-18,SKU-014,7,sale,250,TXN-960190,sample_data
2024-12-19,SKU-014,10,sale,250,TXN-799474,sample_data
2024-12-21,SKU-014,4,sale,250,TXN-436677,sample_data
2024-12-22,SKU-014,5,sale,250,TXN-351062,sample_data
2024-12-23,SKU-014,10,sale,250,TXN-824094,sample_data
2024-12-24,SKU-014,2,sale,250,TXN-413005,sample_data
2024-12-25,SKU-014,8,sale,250,TXN-850366,sample_data
2024-12-26,SKU-014,8,sale,250,TXN-623653,sample_data
2024-12-27,SKU-014,4,sale,250,TXN-662969,sample_data
2024-12-28,SKU-014,6,sale,250,TXN-579777,sample_data
2024-12-30,SKU-014,2,sale,250,TXN-116181,sample_data
2025-01-03,SKU-014,9,sale,250,TXN-589706,sample_data
2025-01-04,SKU-014,6,sale,250,TXN-849073,sample_data
2025-01-05,SKU-014,3,sale,250,TXN-442397,sample_data
2025-01-06,SKU-014,6,sale,250,TXN-223017,sample_data
2025-01-10,SKU-014,2,sale,250,TXN-970365,sample_data
2025-01-13,SKU-014,6,sale,250,TXN-686305,sample_data
2025-01-14,SKU-014,4,sale,250,TXN-728287,sample_data
2025-01-15,SKU-014,1,sale,250,TXN-520074,sample_data
2025-01-16,SKU-014,10,sale,250,TXN-579897,sample_data
2025-01-17,SKU-014,1,sale,250,TXN-611060,sample_data
2025-01-19,SKU-014,4,sale,250,TXN-743481,sample_data
2025-01-20,SKU-014,4,sale,250,TXN-522918,sample_data
2025-01-23,SKU-014,2,sale,250,TXN-393286,sample_data
2025-01-27,SKU-014,3,sale,250,TXN-992118,sample_data
2025-01-29,SKU-014,5,sale,250,TXN-250444,sample_data
2025-01-30,SKU-014,6,sale,250,TXN-472505,sample_data
2024-11-01,SKU-015,8,sale,113,TXN-189467,sample_data
2024-11-02,SKU-015,9,sale,113,TXN-671039,sample_data
2024-11-05,SKU-015,5,sale,113,TXN-772052,sample_data
2024-11-07,SKU-015,3,sale,113,TXN-185784,sample_data
2024-11-08,SKU-015,8,sale,113,TXN-961283,sample_data
2024-11-10,SKU-015,1,sale,113,TXN-473269,sample_data
2024-11-12,SKU-015,7,sale,113,TXN-973255,sample_data
2024-11-13,SKU-015,1,sale,113,TXN-479988,sample_data
2024-11-16,SKU-015,6,sale,113,TXN-101641,sample_data
2024-11-17,SKU-015,9,sale,113,TXN-961136,sample_data
2024-11-24,SKU-015,8,sale,113,TXN-198333,sample_data
2024-11-25,SKU-015,2,sale,113,TXN-190907,sample_data
2024-11-26,SKU-015,6,sale,113,TXN-527918,sample_data
2024-11-27,SKU-015,8,sale,113,TXN-761666,sample_data
2024-11-29,SKU-015,8,sale,113,TXN-731635,sample_data
2024-12-01,SKU-015,10,sale,113,TXN-973310,sample_data
2024-12-02,SKU-015,4,sale,113,TXN-361386,sample_data
2024-12-03,SKU-015,7,sale,113,TXN-950445,sample_data
2024-12-05,SKU-015,8,sale,113,TXN-894142,sample_data
2024-12-06,SKU-015,8,sale,113,TXN-415404,sample_data
2024-12-07,SKU-015,10,sale,113,TXN-854261,sample_data
2024-12-08,SKU-015,4,sale,113,TXN-521999,sample_data
2024-12-09,SKU-015,9,sale,113,TXN-911475,sample_data
2024-12-10,SKU-015,3,sale,113,TXN-891580,sample_data
2024-12-11,SKU-015,9,sale,113,TXN-225522,sample_data
2024-12-12,SKU-015,4,sale,113,TXN-933449,sample_data
2024-12-14,SKU-015,9,sale,113,TXN-675104,sample_data
2024-12-17,SKU-015,1,sale,113,TXN-825914,sample_data
2024-12-19,SKU-015,5,sale,113,TXN-752249,sample_data
2024-12-21,SKU-015,3,sale,113,TXN-185641,sample_data
2024-12-23,SKU-015,10,sale,113,TXN-574421,sample_data
2024-12-24,SKU-015,9,sale,113,TXN-587870,sample_data
2024-12-28,SKU-015,6,sale,113,TXN-549348,sample_data
2024-12-29,SKU-015,4,sale,113,TXN-127825,sample_data
2024-12-31,SKU-015,3,sale,113,TXN-886506,sample_data
2025-01-01,SKU-015,3,sale,113,TXN-249880,sample_data
2025-01-03,SKU-015,1,sale,113,TXN-591698,sample_data
2025-01-06,SKU-015,6,sale,113,TXN-300510,sample_data
2025-01-07,SKU-015,2,sale,113,TXN-149564,sample_data
2025-01-08,SKU-015,4,sale,113,TXN-458647,sample_data
2025-01-11,SKU-015,1,sale,113,TXN-563520,sample_data
2025-01-12,SKU-015,2,sale,113,TXN-968854,sample_data
2025-01-13,SKU-015,9,sale,113,TXN-718310,sample_data
2025-01-14,SKU-015,4,sale,113,TXN-142610,sample_data
2025-01-15,SKU-015,5,sale,113,TXN-486776,sample_data
2025-01-18,SKU-015,2,sale,113,TXN-556968,sample_data
2025-01-20,SKU-015,3,sale,113,TXN-546083,sample_data
2025-01-21,SKU-015,8,sale,113,TXN-447221,sample_data
2025-01-22,SKU-015,4,sale,113,TXN-755434,sample_data
2025-01-24,SKU-015,2,sale,113,TXN-466953,sample_data
2025-01-25,SKU-015,2,sale,113,TXN-630448,sample_data
2025-01-26,SKU-015,9,sale,113,TXN-197016,sample_data
2025-01-27,SKU-015,4,sale,113,TXN-218502,sample_data
2025-01-30,SKU-015,2,sale,113,TXN-687100,sample_data
2024-11-02,SKU-016,4,sale,437,TXN-761436,sample_data
2024-11-03,SKU-016,5,sale,437,TXN-833588,sample_data
2024-11-05,SKU-016,5,sale,437,TXN-311798,sample_data
2024-11-06,SKU-016,9,sale,437,TXN-297560,sample_data
2024-11-07,SKU-016,5,sale,437,TXN-876481,sample_data
2024-11-08,SKU-016,1,sale,437,TXN-769593,sample_data
2024-11-09,SKU-016,4,sale,437,TXN-229694,sample_data
2024-11-10,SKU-016,5,sale,437,TXN-530884,sample_data
2024-11-11,SKU-016,3,sale,437,TXN-534739,sample_data
2024-11-12,SKU-016,2,sale,437,TXN-478061,sample_data
2024-11-14,SKU-016,9,sale,437,TXN-430865,sample_data
2024-11-15,SKU-016,4,sale,437,TXN-684597,sample_data
2024-11-17,SKU-016,3,sale,437,TXN-848916,sample_data
2024-11-18,SKU-016,6,sale,437,TXN-742716,sample_data
2024-11-20,SKU-016,2,sale,437,TXN-448416,sample_data
2024-11-23,SKU-016,5,sale,437,TXN-658852,sample_data
2024-11-25,SKU-016,4,sale,437,TXN-423870,sample_data
2024-11-29,SKU-016,2,sale,437,TXN-775852,sample_data
2024-12-01,SKU-016,7,sale,437,TXN-321516,sample_data
2024-12-03,SKU-016,3,sale,437,TXN-651139,sample_data
2024-12-04,SKU-016,6,sale,437,TXN-199467,sample_data
2024-12-05,SKU-016,6,sale,437,TXN-615351,sample_data
2024-12-09,SKU-016,2,sale,437,TXN-200181,sample_data
2024-12-14,SKU-016,8,sale,437,TXN-142333,sample_data
2024-12-17,SKU-016,9,sale,437,TXN-626701,sample_data
2024-12-18,SKU-016,7,sale,437,TXN-990851,sample_data
2024-12-19,SKU-016,10,sale,437,TXN-865624,sample_data
2024-12-20,SKU-016,5,sale,437,TXN-237398,sample_data
2024-12-21,SKU-016,10,sale,437,TXN-690344,sample_data
2024-12-22,SKU-016,2,sale,437,TXN-620731,sample_data
2024-12-23,SKU-016,8,sale,437,TXN-668609,sample_data
2024-12-27,SKU-016,6,sale,437,TXN-630913,sample_data
2024-12-28,SKU-016,7,sale,437,TXN-362128,sample_data
2024-12-29,SKU-016,2,sale,437,TXN-928743,sample_data
2024-12-30,SKU-016,9,sale,437,TXN-545351,sample_data
2025-01-02,SKU-016,1,sale,437,TXN-824721,sample_data
2025-01-03,SKU-016,5,sale,437,TXN-487021,sample_data
2025-01-04,SKU-016,8,sale,437,TXN-933847,sample_data
2025-01-06,SKU-016,4,sale,437,TXN-395956,sample_data
2025-01-07,SKU-016,10,sale,437,TXN-322312,sample_data
2025-01-09,SKU-016,2,sale,437,TXN-369903,sample_data
2025-01-11,SKU-016,5,sale,437,TXN-988817,sample_data
2025-01-12,SKU-016,1,sale,437,TXN-480053,sample_data
2025-01-15,SKU-016,5,sale,437,TXN-888916,sample_data
2025-01-18,SKU-016,3,sale,437,TXN-852132,sample_data
2025-01-19,SKU-016,7,sale,437,TXN-630037,sample_data
2025-01-20,SKU-016,10,sale,437,TXN-727074,sample_data
2025-01-21,SKU-016,1,sale,437,TXN-943436,sample_data
2025-01-22,SKU-016,4,sale,437,TXN-619276,sample_data
2025-01-23,SKU-016,2,sale,437,TXN-454510,sample_data
2025-01-24,SKU-016,7,sale,437,TXN-227492,sample_data
2025-01-25,SKU-016,7,sale,437,TXN-470067,sample_data
2025-01-28,SKU-016,1,sale,437,TXN-410045,sample_data
2025-01-29,SKU-016,8,sale,437,TXN-310750,sample_data
2025-01-30,SKU-016,9,sale,437,TXN-296859,sample_data
2024-11-01,SKU-017,10,sale,308,TXN-869958,sample_data
2024-11-02,SKU-017,5,sale,308,TXN-847888,sample_data
2024-11-04,SKU-017,3,sale,308,TXN-408162,sample_data
2024-11-05,SKU-017,6,sale,308,TXN-377808,sample_data
2024-11-07,SKU-017,2,sale,308,TXN-155923,sample_data
2024-11-08,SKU-017,3,sale,308,TXN-973528,sample_data
2024-11-09,SKU-017,7,sale,308,TXN-133599,sample_data
2024-11-13,SKU-017,5,sale,308,TXN-416687,sample_data
2024-11-14,SKU-017,2,sale,308,TXN-636604,sample_data
2024-11-15,SKU-017,6,sale,308,TXN-145701,sample_data
2024-11-16,SKU-017,5,sale,308,TXN-924991,sample_data
2024-11-17,SKU-017,5,sale,308,TXN-924339,sample_data
2024-11-20,SKU-017,6,sale,308,TXN-273762,sample_data
2024-11-22,SKU-017,5,sale,308,TXN-191407,sample_data
2024-11-23,SKU-017,6,sale,308,TXN-497760,sample_data
2024-11-25,SKU-017,8,sale,308,TXN-200532,sample_data
2024-11-26,SKU-017,4,sale,308,TXN-804753,sample_data
2024-11-28,SKU-017,1,sale,308,TXN-321349,sample_data
2024-11-30,SKU-017,7,sale,308,TXN-644568,sample_data
2024-12-02,SKU-017,4,sale,308,TXN-622211,sample_data
2024-12-10,SKU-017,3,sale,308,TXN-627256,sample_data
2024-12-12,SKU-017,3,sale,308,TXN-504649,sample_data
2024-12-14,SKU-017,9,sale,308,TXN-351129,sample_data
2024-12-15,SKU-017,9,sale,308,TXN-941449,sample_data
2024-12-16,SKU-017,7,sale,308,TXN-952827,sample_data
2024-12-19,SKU-017,4,sale,308,TXN-609784,sample_data
2024-12-24,SKU-017,7,sale,308,TXN-719390,sample_data
2024-12-26,SKU-017,10,sale,308,TXN-272936,sample_data
2024-12-27,SKU-017,6,sale,308,TXN-599366,sample_data
2024-12-28,SKU-017,10,sale,308,TXN-691892,sample_data
2024-12-29,SKU-017,4,sale,308,TXN-947625,sample_data
2024-12-30,SKU-017,10,sale,308,TXN-555733,sample_data
2024-12-31,SKU-017,10,sale,308,TXN-953227,sample_data
2025-01-02,SKU-017,2,sale,308,TXN-402502,sample_data
2025-01-03,SKU-017,2,sale,308,TXN-536293,sample_data
2025-01-05,SKU-017,1,sale,308,TXN-471828,sample_data
2025-01-06,SKU-017,1,sale,308,TXN-861202,sample_data
2025-01-07,SKU-017,8,sale,308,TXN-944619,sample_data
2025-01-08,SKU-017,1,sale,308,TXN-343037,sample_data
2025-01-10,SKU-017,4,sale,308,TXN-160847,sample_data
2025-01-11,SKU-017,9,sale,308,TXN-216260,sample_data
2025-01-13,SKU-017,9,sale,308,TXN-693813,sample_data
2025-01-14,SKU-017,4,sale,308,TXN-100719,sample_data
2025-01-15,SKU-017,10,sale,308,TXN-805105,sample_data
2025-01-16,SKU-017,9,sale,308,TXN-580830,sample_data
2025-01-17,SKU-017,5,sale,308,TXN-286331,sample_data
2025-01-19,SKU-017,6,sale,308,TXN-718179,sample_data
2025-01-20,SKU-017,8,sale,308,TXN-612315,sample_data
2025-01-21,SKU-017,10,sale,308,TXN-579626,sample_data
2025-01-25,SKU-017,6,sale,308,TXN-381023,sample_data
2025-01-28,SKU-017,2,sale,308,TXN-791185,sample_data
2025-01-30,SKU-017,4,sale,308,TXN-453300,sample_data
2024-11-01,SKU-018,10,sale,41,TXN-172973,sample_data
2024-11-02,SKU-018,5,sale,41,TXN-384438,sample_data
2024-11-03,SKU-018,2,sale,41,TXN-903515,sample_data
2024-11-06,SKU-018,9,sale,41,TXN-804376,sample_data
2024-11-07,SKU-018,10,sale,41,TXN-483158,sample_data
2024-11-08,SKU-018,4,sale,41,TXN-161550,sample_data
2024-11-12,SKU-018,2,sale,41,TXN-305849,sample_data
2024-11-13,SKU-018,8,sale,41,TXN-169639,sample_data
2024-11-14,SKU-018,3,sale,41,TXN-311973,sample_data
2024-11-15,SKU-018,1,sale,41,TXN-963491,sample_data
2024-11-16,SKU-018,4,sale,41,TXN-377541,sample_data
2024-11-17,SKU-018,1,sale,41,TXN-862713,sample_data
2024-11-18,SKU-018,5,sale,41,TXN-140295,sample_data
2024-11-19,SKU-018,8,sale,41,TXN-895326,sample_data
2024-11-22,SKU-018,7,sale,41,TXN-300412,sample_data
2024-11-24,SKU-018,1,sale,41,TXN-522161,sample_data
2024-11-27,SKU-018,1,sale,41,TXN-838719,sample_data
2024-11-28,SKU-018,5,sale,41,TXN-554874,sample_data
2024-12-02,SKU-018,5,sale,41,TXN-515599,sample_data
2024-12-03,SKU-018,8,sale,41,TXN-286482,sample_data
2024-12-05,SKU-018,4,sale,41,TXN-161858,sample_data
2024-12-06,SKU-018,9,sale,41,TXN-776919,sample_data
2024-12-07,SKU-018,7,sale,41,TXN-947465,sample_data
2024-12-10,SKU-018,9,sale,41,TXN-961375,sample_data
2024-12-12,SKU-018,2,sale,41,TXN-633012,sample_data
2024-12-13,SKU-018,1,sale,41,TXN-962743,sample_data
2024-12-18,SKU-018,7,sale,41,TXN-397403,sample_data
2024-12-19,SKU-018,1,sale,41,TXN-463097,sample_data
2024-12-20,SKU-018,6,sale,41,TXN-504191,sample_data
2024-12-21,SKU-018,5,sale,41,TXN-941591,sample_data
2024-12-24,SKU-018,8,sale,41,TXN-326960,sample_data
2024-12-25,SKU-018,8,sale,41,TXN-743075,sample_data
2024-12-26,SKU-018,5,sale,41,TXN-659376,sample_data
2024-12-27,SKU-018,10,sale,41,TXN-713725,sample_data
2024-12-29,SKU-018,8,sale,41,TXN-966835,sample_data
2024-12-30,SKU-018,6,sale,41,TXN-334320,sample_data
2025-01-01,SKU-018,2,sale,41,TXN-475989,sample_data
2025-01-03,SKU-018,4,sale,41,TXN-503189,sample_data
2025-01-04,SKU-018,6,sale,41,TXN-902319,sample_data
2025-01-07,SKU-018,1,sale,41,TXN-195031,sample_data
2025-01-09,SKU-018,2,sale,41,TXN-601846,sample_data
2025-01-12,SKU-018,4,sale,41,TXN-201233,sample_data
2025-01-13,SKU-018,8,sale,41,TXN-922128,sample_data
2025-01-17,SKU-018,10,sale,41,TXN-926807,sample_data
2025-01-20,SKU-018,9,sale,41,TXN-803628,sample_data
2025-01-21,SKU-018,10,sale,41,TXN-418867,sample_data
2025-01-22,SKU-018,2,sale,41,TXN-868324,sample_data
2025-01-26,SKU-018,3,sale,41,TXN-564361,sample_data
2025-01-27,SKU-018,5,sale,41,TXN-713281,sample_data
2025-01-28,SKU-018,6,sale,41,TXN-162537,sample_data
2025-01-29,SKU-018,6,sale,41,TXN-699394,sample_data
2025-01-30,SKU-018,7,sale,41,TXN-876802,sample_data
2024-11-02,SKU-019,4,sale,140,TXN-245613,sample_data
2024-11-03,SKU-019,3,sale,140,TXN-953030,sample_data
2024-11-04,SKU-019,4,sale,140,TXN-748742,sample_data
2024-11-07,SKU-019,4,sale,140,TXN-998076,sample_data
2024-11-08,SKU-019,5,sale,140,TXN-931408,sample_data
2024-11-09,SKU-019,5,sale,140,TXN-916011,sample_data
2024-11-10,SKU-019,3,sale,140,TXN-590552,sample_data
2024-11-11,SKU-019,6,sale,140,TXN-761867,sample_data
2024-11-12,SKU-019,2,sale,140,TXN-218512,sample_data
2024-11-16,SKU-019,1,sale,140,TXN-624289,sample_data
2024-11-17,SKU-019,4,sale,140,TXN-501404,sample_data
2024-11-18,SKU-019,2,sale,140,TXN-427108,sample_data
2024-11-19,SKU-019,4,sale,140,TXN-620210,sample_data
2024-11-21,SKU-019,5,sale,140,TXN-970617,sample_data
2024-11-24,SKU-019,8,sale,140,TXN-630165,sample_data
2024-11-25,SKU-019,5,sale,140,TXN-147286,sample_data
2024-11-27,SKU-019,10,sale,140,TXN-487272,sample_data
2024-11-30,SKU-019,9,sale,140,TXN-374933,sample_data
2024-12-01,SKU-019,9,sale,140,TXN-855902,sample_data
2024-12-02,SKU-019,7,sale,140,TXN-715716,sample_data
2024-12-05,SKU-019,6,sale,140,TXN-560401,sample_data
2024-12-06,SKU-019,9,sale,140,TXN-742127,sample_data
2024-12-07,SKU-019,6,sale,140,TXN-865109,sample_data
2024-12-09,SKU-019,9,sale,140,TXN-325985,sample_data
2024-12-11,SKU-019,5,sale,140,TXN-759682,sample_data
2024-12-13,SKU-019,6,sale,140,TXN-880162,sample_data
2024-12-14,SKU-019,5,sale,140,TXN-745308,sample_data
2024-12-19,SKU-019,7,sale,140,TXN-858050,sample_data
2024-12-21,SKU-019,5,sale,140,TXN-749823,sample_data
2024-12-22,SKU-019,3,sale,140,TXN-534931,sample_data
2024-12-24,SKU-019,9,sale,140,TXN-843590,sample_data
2024-12-26,SKU-019,6,sale,140,TXN-207932,sample_data
2024-12-27,SKU-019,9,sale,140,TXN-415007,sample_data
2024-12-28,SKU-019,7,sale,140,TXN-668097,sample_data
2024-12-30,SKU-019,8,sale,140,TXN-278518,sample_data
2025-01-05,SKU-019,5,sale,140,TXN-664603,sample_data
2025-01-06,SKU-019,3,sale,140,TXN-485526,sample_data
2025-01-07,SKU-019,4,sale,140,TXN-344962,sample_data
2025-01-08,SKU-019,4,sale,140,TXN-263196,sample_data
2025-01-09,SKU-019,1,sale,140,TXN-800649,sample_data
2025-01-12,SKU-019,4,sale,140,TXN-346692,sample_data
2025-01-14,SKU-019,1,sale,140,TXN-843341,sample_data
2025-01-15,SKU-019,7,sale,140,TXN-118399,sample_data
2025-01-16,SKU-019,4,sale,140,TXN-306409,sample_data
2025-01-17,SKU-019,3,sale,140,TXN-545429,sample_data
2025-01-18,SKU-019,9,sale,140,TXN-394685,sample_data
2025-01-19,SKU-019,6,sale,140,TXN-914807,sample_data
2025-01-20,SKU-019,7,sale,140,TXN-674415,sample_data
2025-01-22,SKU-019,10,sale,140,TXN-660289,sample_data
2025-01-27,SKU-019,2,sale,140,TXN-553144,sample_data
2025-01-28,SKU-019,6,sale,140,TXN-681640,sample_data
2024-11-01,SKU-020,9,sale,54,TXN-492104,sample_data
2024-11-03,SKU-020,5,sale,54,TXN-875567,sample_data
2024-11-04,SKU-020,1,sale,54,TXN-228727,sample_data
2024-11-05,SKU-020,8,sale,54,TXN-972581,sample_data
2024-11-06,SKU-020,5,sale,54,TXN-251587,sample_data
2024-11-07,SKU-020,8,sale,54,TXN-797402,sample_data
2024-11-08,SKU-020,8,sale,54,TXN-298921,sample_data
2024-11-09,SKU-020,10,sale,54,TXN-291696,sample_data
2024-11-10,SKU-020,9,sale,54,TXN-141162,sample_data
2024-11-13,SKU-020,1,sale,54,TXN-149457,sample_data
2024-11-16,SKU-020,3,sale,54,TXN-448096,sample_data
2024-11-17,SKU-020,6,sale,54,TXN-613189,sample_data
2024-11-18,SKU-020,8,sale,54,TXN-504208,sample_data
2024-11-22,SKU-020,4,sale,54,TXN-669513,sample_data
2024-11-23,SKU-020,3,sale,54,TXN-286523,sample_data
2024-11-26,SKU-020,5,sale,54,TXN-727588,sample_data
2024-11-27,SKU-020,2,sale,54,TXN-620772,sample_data
2024-11-28,SKU-020,10,sale,54,TXN-189250,sample_data
2024-11-30,SKU-020,6,sale,54,TXN-228678,sample_data
2024-12-01,SKU-020,8,sale,54,TXN-590514,sample_data
2024-12-02,SKU-020,2,sale,54,TXN-212144,sample_data
2024-12-04,SKU-020,3,sale,54,TXN-938872,sample_data
2024-12-05,SKU-020,5,sale,54,TXN-807398,sample_data
2024-12-09,SKU-020,6,sale,54,TXN-817850,sample_data
2024-12-12,SKU-020,8,sale,54,TXN-462814,sample_data
2024-12-13,SKU-020,8,sale,54,TXN-825068,sample_data
2024-12-14,SKU-020,1,sale,54,TXN-948229,sample_data
2024-12-16,SKU-020,1,sale,54,TXN-191378,sample_data
2024-12-17,SKU-020,4,sale,54,TXN-824579,sample_data
2024-12-18,SKU-020,5,sale,54,TXN-228635,sample_data
2024-12-19,SKU-020,10,sale,54,TXN-792803,sample_data
2024-12-21,SKU-020,2,sale,54,TXN-229045,sample_data
2024-12-22,SKU-020,5,sale,54,TXN-127160,sample_data
2024-12-26,SKU-020,3,sale,54,TXN-936744,sample_data
2024-12-27,SKU-020,6,sale,54,TXN-859145,sample_data
2024-12-28,SKU-020,10,sale,54,TXN-753450,sample_data
2024-12-29,SKU-020,6,sale,54,TXN-607282,sample_data
2024-12-31,SKU-020,8,sale,54,TXN-230819,sample_data
2025-01-01,SKU-020,10,sale,54,TXN-768732,sample_data
2025-01-02,SKU-020,10,sale,54,TXN-921195,sample_data
2025-01-04,SKU-020,9,sale,54,TXN-433414,sample_data
2025-01-05,SKU-020,3,sale,54,TXN-456825,sample_data
2025-01-07,SKU-020,1,sale,54,TXN-310267,sample_data
2025-01-08,SKU-020,3,sale,54,TXN-214403,sample_data
2025-01-10,SKU-020,3,sale,54,TXN-476975,sample_data
2025-01-11,SKU-020,1,sale,54,TXN-796851,sample_data
2025-01-12,SKU-020,7,sale,54,TXN-842849,sample_data
2025-01-13,SKU-020,1,sale,54,TXN-154929,sample_data
2025-01-14,SKU-020,10,sale,54,TXN-410506,sample_data
2025-01-16,SKU-020,1,sale,54,TXN-296710,sample_data
2025-01-17,SKU-020,5,sale,54,TXN-759175,sample_data
2025-01-18,SKU-020,4,sale,54,TXN-763082,sample_data
2025-01-20,SKU-020,2,sale,54,TXN-278161,sample_data
2025-01-21,SKU-020,1,sale,54,TXN-135262,sample_data
2025-01-22,SKU-020,2,sale,54,TXN-501178,sample_data
2025-01-24,SKU-020,10,sale,54,TXN-115946,sample_data
2025-01-25,SKU-020,6,sale,54,TXN-560120,sample_data
2025-01-26,SKU-020,10,sale,54,TXN-101912,sample_data
2025-01-27,SKU-020,2,sale,54,TXN-965410,sample_data
2025-01-28,SKU-020,5,sale,54,TXN-497894,sample_data
2025-01-29,SKU-020,9,sale,54,TXN-704490,sample_data
2025-01-30,SKU-020,1,sale,54,TXN-265569,sample_data
